1   ,175.89.89.12
2   ,252.54.135.9
3   ,2.11.20.162
4   ,132.230.100.245
5   ,229.176.148.198
6   ,158.180.85.255
7   ,179.89.163.144
8   ,204.23.51.195
9   ,126.4.116.2
10  ,45.211.237.63
11  ,79.88.210.57
12  ,246.158.209.40
13  ,117.30.139.153
14  ,129.7.218.5
15  ,30.213.233.213
16  ,88.63.13.143
17  ,205.125.219.23
18  ,178.20.200.78
19  ,156.87.77.198
20  ,213.111.237.246
21  ,194.174.1.23
22  ,192.186.17.174
23  ,46.116.0.88
24  ,87.77.167.115
25  ,157.23.23.200
26  ,129.88.22.150
27  ,78.55.20.164
28  ,250.22.122.106
29  ,97.156.199.171
30  ,38.5.131.123
31  ,70.9.18.3
32  ,50.168.158.165
33  ,206.169.209.116
34  ,117.101.107.18
35  ,197.17.16.253
36  ,1.20.149.98
37  ,22.21.147.164
38  ,175.127.173.112
39  ,8.105.17.98
40  ,131.173.56.73
41  ,51.97.85.113
42  ,52.64.229.9
43  ,247.190.127.225
44  ,209.144.226.36
45  ,42.121.254.24
46  ,72.199.7.102
47  ,84.193.50.108
48  ,88.253.134.137
49  ,90.215.126.173
50  ,108.214.238.221
51  ,200.146.151.253
52  ,232.112.190.152
53  ,8.137.236.80
54  ,212.73.178.105
55  ,139.104.24.175
56  ,228.185.227.119
57  ,104.75.170.152
58  ,166.126.169.69
59  ,51.237.231.251
60  ,74.122.189.191
61  ,45.215.44.168
62  ,110.66.6.19
63  ,168.163.63.214
64  ,160.79.138.205
65  ,222.243.245.172
66  ,98.109.232.57
67  ,246.243.226.148
68  ,157.97.66.19
69  ,21.177.132.252
70  ,120.75.1.225
71  ,48.222.126.186
72  ,130.186.221.148
73  ,11.0.101.114
74  ,4.223.103.26
75  ,93.61.204.165
76  ,31.56.122.141
77  ,169.58.167.214
78  ,124.25.3.148
79  ,144.192.104.139
80  ,247.211.230.54
81  ,44.140.94.151
82  ,115.103.71.80
83  ,25.196.100.140
84  ,102.215.184.24
85  ,250.33.41.10
86  ,4.85.75.49
87  ,254.12.42.0
88  ,175.50.50.170
89  ,110.238.168.127
90  ,52.219.17.234
91  ,154.6.229.128
92  ,68.161.173.212
93  ,182.35.40.209
94  ,243.56.130.3
95  ,236.230.113.83
96  ,124.224.148.198
97  ,156.177.76.25
98  ,189.206.252.187
99  ,80.69.70.226
100 ,141.213.244.192
101 ,131.101.78.189
102 ,195.138.63.154
103 ,102.111.222.77
104 ,128.216.138.74
105 ,74.109.95.89
106 ,202.196.12.0
107 ,13.240.89.26
108 ,78.138.171.19
109 ,27.158.184.177
110 ,195.182.147.45
111 ,180.65.122.216
112 ,23.204.226.192
113 ,213.238.110.236
114 ,85.0.245.46
115 ,159.73.210.63
116 ,115.38.173.114
117 ,44.21.35.128
118 ,11.202.152.169
119 ,220.222.217.246
120 ,30.192.193.147
121 ,132.9.48.133
122 ,19.6.55.186
123 ,91.69.253.152
124 ,177.122.229.242
125 ,89.158.221.103
126 ,132.184.144.216
127 ,229.34.222.112
128 ,154.0.147.247
129 ,35.175.124.185
130 ,8.60.91.99
131 ,157.220.91.108
132 ,149.180.182.0
133 ,161.153.245.83
134 ,28.181.156.81
135 ,68.80.57.242
136 ,138.63.117.165
137 ,125.180.103.103
138 ,54.229.19.130
139 ,131.195.213.145
140 ,145.80.48.72
141 ,221.146.175.158
142 ,142.222.163.132
143 ,192.121.79.38
144 ,55.178.226.242
145 ,139.21.198.249
146 ,72.176.101.232
147 ,117.248.245.108
148 ,215.105.119.212
149 ,174.113.66.25
150 ,180.61.83.154
151 ,224.208.223.245
152 ,79.7.108.55
153 ,159.198.142.96
154 ,0.129.127.160
155 ,202.52.22.170
156 ,96.96.203.85
157 ,36.169.141.29
158 ,77.90.222.19
159 ,14.216.122.206
160 ,30.94.170.187
161 ,198.36.179.173
162 ,58.90.225.196
163 ,125.250.89.3
164 ,158.54.179.179
165 ,172.244.76.158
166 ,128.182.9.100
167 ,66.116.148.220
168 ,213.80.116.47
169 ,22.14.191.2
170 ,220.125.0.62
171 ,251.61.72.98
172 ,115.163.250.169
173 ,234.157.28.196
174 ,172.169.240.107
175 ,60.199.38.245
176 ,158.219.32.29
177 ,137.93.20.86
178 ,69.180.10.164
179 ,135.107.106.151
180 ,245.12.84.111
181 ,138.183.247.241
182 ,150.44.159.211
183 ,72.202.84.168
184 ,108.170.25.100
185 ,54.93.38.179
186 ,204.243.249.77
187 ,95.217.255.74
188 ,56.233.67.87
189 ,116.109.20.38
190 ,229.213.207.82
191 ,96.23.43.227
192 ,13.157.87.16
193 ,39.60.36.149
194 ,100.38.138.157
195 ,209.198.187.37
196 ,91.172.251.220
197 ,143.43.72.10
198 ,240.151.0.72
199 ,171.236.235.168
200 ,210.44.195.18
201 ,24.254.14.194
202 ,106.247.153.64
203 ,138.60.81.240
204 ,35.200.65.134
205 ,106.224.235.134
206 ,85.232.230.57
207 ,74.75.66.234
208 ,136.136.255.46
209 ,237.3.230.95
210 ,84.203.90.98
211 ,107.10.179.165
212 ,254.155.77.130
213 ,71.22.1.165
214 ,160.63.226.51
215 ,95.141.33.113
216 ,240.228.248.30
217 ,90.150.221.235
218 ,143.56.202.74
219 ,166.252.24.230
220 ,248.91.131.163
221 ,65.159.238.62
222 ,226.239.72.182
223 ,87.4.127.232
224 ,209.177.252.200
225 ,124.98.245.245
226 ,4.92.23.83
227 ,217.153.79.67
228 ,111.173.119.100
229 ,182.11.212.0
230 ,94.253.229.14
231 ,154.202.124.228
232 ,152.242.146.185
233 ,25.89.244.54
234 ,98.143.61.198
235 ,169.189.83.164
236 ,57.157.169.229
237 ,30.240.149.29
238 ,83.146.106.233
239 ,0.214.162.155
240 ,189.182.127.221
241 ,123.157.31.141
242 ,208.227.116.45
243 ,4.219.177.95
244 ,128.51.186.168
245 ,200.167.12.152
246 ,198.66.49.29
247 ,140.179.235.4
248 ,74.78.96.1
249 ,191.222.36.95
250 ,147.33.67.86
251 ,161.203.197.26
252 ,170.18.59.49
253 ,198.41.87.155
254 ,187.70.89.174
255 ,148.156.191.211
256 ,139.164.7.72
257 ,141.106.7.36
258 ,158.175.143.48
259 ,37.7.184.109
260 ,169.53.136.37
261 ,198.120.130.148
262 ,37.170.242.149
263 ,178.15.28.163
264 ,197.233.38.164
265 ,67.42.74.105
266 ,21.209.1.38
267 ,43.107.168.251
268 ,143.214.7.98
269 ,44.155.189.16
270 ,251.71.26.176
271 ,148.143.66.134
272 ,132.38.133.215
273 ,38.24.114.109
274 ,235.103.148.146
275 ,91.191.35.45
276 ,97.124.107.163
277 ,4.9.2.125
278 ,168.122.49.154
279 ,113.226.227.187
280 ,225.208.114.112
281 ,112.102.39.192
282 ,230.5.246.239
283 ,194.57.248.168
284 ,59.202.240.63
285 ,164.243.124.186
286 ,140.199.196.39
287 ,77.159.178.203
288 ,0.208.109.131
289 ,76.240.234.3
290 ,83.192.52.63
291 ,168.61.189.110
292 ,123.47.219.1
293 ,60.59.73.222
294 ,242.225.39.107
295 ,193.112.132.31
296 ,86.156.146.202
297 ,38.74.167.99
298 ,146.169.57.196
299 ,35.255.209.46
300 ,66.200.185.231
301 ,164.64.67.138
302 ,125.231.83.54
303 ,51.42.203.213
304 ,196.155.105.20
305 ,97.28.95.45
306 ,42.6.7.31
307 ,160.216.117.215
308 ,42.163.177.64
309 ,26.2.209.32
310 ,216.206.121.208
311 ,51.134.63.226
312 ,92.79.165.110
313 ,28.48.191.156
314 ,31.72.84.200
315 ,92.73.102.190
316 ,202.222.161.19
317 ,41.157.19.126
318 ,94.93.125.122
319 ,160.65.103.175
320 ,110.150.185.33
321 ,41.111.255.207
322 ,87.75.134.33
323 ,208.32.105.92
324 ,188.143.210.119
325 ,25.181.242.234
326 ,196.247.140.195
327 ,192.240.14.59
328 ,193.162.83.139
329 ,97.58.16.192
330 ,140.5.72.89
331 ,130.48.216.222
332 ,47.241.206.67
333 ,41.58.75.9
334 ,90.34.84.185
335 ,139.146.191.241
336 ,24.41.243.147
337 ,190.204.252.90
338 ,80.47.175.237
339 ,104.51.239.13
340 ,99.24.228.182
341 ,72.169.44.135
342 ,30.236.28.106
343 ,245.193.73.71
344 ,121.107.59.36
345 ,164.166.144.80
346 ,131.162.134.188
347 ,145.200.225.109
348 ,246.234.101.201
349 ,37.205.150.133
350 ,94.19.119.26
351 ,242.175.167.18
352 ,248.6.126.169
353 ,124.200.36.236
354 ,26.146.83.60
355 ,201.155.3.95
356 ,230.176.160.107
357 ,120.66.88.174
358 ,92.108.97.133
359 ,221.83.151.242
360 ,7.249.153.13
361 ,109.83.41.111
362 ,108.52.142.13
363 ,180.59.133.106
364 ,79.228.173.47
365 ,179.27.134.145
366 ,96.23.199.57
367 ,140.179.220.191
368 ,4.251.13.208
369 ,241.174.114.243
370 ,124.212.161.19
371 ,228.195.18.211
372 ,128.61.130.48
373 ,191.106.135.183
374 ,68.15.18.246
375 ,23.161.159.217
376 ,135.149.151.168
377 ,138.139.48.68
378 ,232.166.216.118
379 ,87.9.78.106
380 ,20.112.187.87
381 ,202.244.71.19
382 ,48.134.183.220
383 ,138.46.210.224
384 ,13.144.11.110
385 ,91.90.227.185
386 ,89.23.124.31
387 ,127.167.82.251
388 ,64.177.204.204
389 ,51.139.110.25
390 ,207.7.185.120
391 ,191.72.150.135
392 ,193.70.37.98
393 ,147.164.177.219
394 ,233.39.159.119
395 ,76.227.202.108
396 ,40.124.127.27
397 ,228.201.37.0
398 ,207.95.92.7
399 ,65.144.122.212
400 ,90.21.49.169
401 ,117.21.140.221
402 ,154.55.187.106
403 ,190.20.172.162
404 ,69.48.208.194
405 ,173.5.218.172
406 ,163.199.156.151
407 ,243.255.87.250
408 ,11.29.174.182
409 ,195.95.228.119
410 ,160.158.138.209
411 ,20.79.208.239
412 ,53.69.197.3
413 ,39.69.174.12
414 ,39.71.120.106
415 ,230.158.211.205
416 ,253.83.146.121
417 ,229.71.249.253
418 ,253.158.153.203
419 ,250.254.109.196
420 ,198.235.229.131
421 ,14.135.102.101
422 ,54.50.29.252
423 ,207.235.157.238
424 ,230.131.60.62
425 ,147.237.191.117
426 ,0.148.114.235
427 ,98.81.131.226
428 ,102.226.160.8
429 ,74.17.56.157
430 ,181.77.175.51
431 ,196.38.174.118
432 ,158.85.59.222
433 ,70.130.54.57
434 ,140.68.12.169
435 ,42.137.137.192
436 ,20.88.93.101
437 ,188.22.47.5
438 ,172.138.22.9
439 ,181.80.61.75
440 ,103.113.124.253
441 ,234.129.81.133
442 ,62.161.222.91
443 ,34.212.103.237
444 ,88.235.14.137
445 ,156.63.85.204
446 ,79.163.233.22
447 ,243.61.56.65
448 ,130.123.220.125
449 ,9.252.54.241
450 ,107.17.3.193
451 ,146.55.181.225
452 ,154.94.196.198
453 ,133.173.95.27
454 ,104.52.90.239
455 ,230.10.148.23
456 ,2.89.197.24
457 ,2.228.57.205
458 ,179.244.15.102
459 ,37.98.5.40
460 ,166.170.218.96
461 ,237.163.20.220
462 ,123.221.88.97
463 ,210.230.50.137
464 ,173.19.174.8
465 ,135.161.167.240
466 ,98.142.92.144
467 ,117.19.61.32
468 ,229.180.161.228
469 ,168.50.148.113
470 ,151.57.85.181
471 ,211.137.43.217
472 ,85.167.10.34
473 ,185.62.222.126
474 ,148.249.28.240
475 ,228.220.103.146
476 ,11.139.16.247
477 ,53.21.177.180
478 ,126.26.42.129
479 ,243.100.117.112
480 ,140.241.212.3
481 ,99.212.4.56
482 ,170.232.28.139
483 ,61.143.159.233
484 ,163.198.84.105
485 ,176.210.82.93
486 ,132.17.235.46
487 ,84.81.96.193
488 ,223.72.30.30
489 ,76.247.223.143
490 ,116.155.253.206
491 ,56.46.74.0
492 ,156.251.127.160
493 ,50.200.105.44
494 ,187.22.202.42
495 ,137.90.138.1
496 ,216.103.229.212
497 ,144.230.245.131
498 ,99.242.168.86
499 ,239.132.142.57
500 ,183.29.92.118
501 ,98.209.200.116
502 ,156.175.114.146
503 ,241.157.238.31
504 ,89.122.122.104
505 ,106.94.25.185
506 ,201.237.199.23
507 ,154.253.132.114
508 ,247.134.33.73
509 ,141.202.249.193
510 ,117.117.56.30
511 ,241.47.202.19
512 ,173.154.36.83
513 ,197.77.107.51
514 ,179.251.231.182
515 ,114.112.128.9
516 ,16.141.101.162
517 ,230.233.25.8
518 ,11.98.227.250
519 ,174.144.180.134
520 ,157.57.100.113
521 ,193.251.61.228
522 ,113.161.244.90
523 ,101.18.59.170
524 ,181.211.71.66
525 ,40.17.61.241
526 ,178.30.238.95
527 ,62.155.81.73
528 ,169.103.16.75
529 ,64.63.251.175
530 ,203.113.238.68
531 ,166.128.178.91
532 ,104.158.28.10
533 ,92.110.143.36
534 ,24.80.120.89
535 ,84.93.116.32
536 ,85.134.14.51
537 ,120.86.68.243
538 ,159.143.67.100
539 ,197.20.234.69
540 ,193.166.79.54
541 ,152.177.125.56
542 ,4.31.8.186
543 ,97.54.227.251
544 ,23.59.120.228
545 ,244.66.113.4
546 ,249.234.30.53
547 ,219.179.171.172
548 ,173.9.85.30
549 ,166.246.237.160
550 ,146.92.163.51
551 ,37.80.14.35
552 ,164.0.84.38
553 ,33.92.137.64
554 ,76.251.207.147
555 ,44.131.78.130
556 ,181.215.127.171
557 ,113.14.201.208
558 ,77.255.53.18
559 ,164.91.251.49
560 ,124.66.203.43
561 ,127.36.47.78
562 ,104.219.208.215
563 ,145.243.23.12
564 ,99.66.213.52
565 ,146.63.114.193
566 ,108.185.205.59
567 ,209.223.74.94
568 ,249.187.80.137
569 ,101.231.244.58
570 ,87.19.140.124
571 ,92.214.30.220
572 ,100.225.136.222
573 ,148.129.91.89
574 ,175.142.106.191
575 ,215.43.35.216
576 ,134.105.159.253
577 ,235.220.235.117
578 ,102.91.16.23
579 ,146.47.92.63
580 ,19.81.163.206
581 ,117.33.173.232
582 ,224.106.79.12
583 ,39.123.31.100
584 ,110.208.111.83
585 ,44.1.12.203
586 ,217.37.217.55
587 ,33.123.129.168
588 ,35.227.79.183
589 ,192.130.53.132
590 ,247.158.48.41
591 ,92.79.94.214
592 ,117.76.235.189
593 ,176.55.17.50
594 ,55.56.157.228
595 ,240.73.254.238
596 ,153.240.40.189
597 ,86.109.148.127
598 ,77.155.49.4
599 ,85.55.54.157
600 ,205.44.239.171
601 ,217.42.176.130
602 ,239.134.133.247
603 ,199.143.205.226
604 ,111.176.30.143
605 ,125.206.63.171
606 ,66.180.84.161
607 ,233.71.19.172
608 ,231.129.24.152
609 ,209.197.25.190
610 ,101.113.106.166
611 ,116.130.55.128
612 ,255.251.141.220
613 ,52.124.63.126
614 ,72.52.19.7
615 ,227.240.7.63
616 ,253.244.40.172
617 ,19.17.178.26
618 ,221.42.16.103
619 ,9.138.125.143
620 ,61.109.99.211
621 ,69.108.188.227
622 ,87.91.160.94
623 ,111.137.118.251
624 ,206.164.49.236
625 ,9.86.101.80
626 ,55.1.35.225
627 ,6.5.254.112
628 ,171.249.205.53
629 ,100.87.87.147
630 ,8.213.55.142
631 ,158.186.31.228
632 ,40.28.61.124
633 ,163.144.216.174
634 ,236.247.36.209
635 ,201.149.205.13
636 ,220.37.183.242
637 ,66.113.24.175
638 ,210.1.62.152
639 ,55.187.113.79
640 ,78.191.211.86
641 ,149.23.247.216
642 ,112.203.111.86
643 ,6.228.151.198
644 ,221.91.43.86
645 ,99.65.127.113
646 ,228.162.238.181
647 ,36.2.71.71
648 ,125.252.91.122
649 ,238.5.11.111
650 ,53.186.101.76
651 ,210.82.244.19
652 ,160.85.144.143
653 ,187.104.7.146
654 ,152.42.25.6
655 ,130.101.17.66
656 ,61.154.42.79
657 ,109.62.111.165
658 ,59.69.172.215
659 ,129.62.71.174
660 ,36.204.73.61
661 ,35.198.29.12
662 ,137.23.133.28
663 ,239.220.248.138
664 ,60.102.196.181
665 ,22.241.137.138
666 ,188.41.35.45
667 ,100.60.5.157
668 ,33.87.163.242
669 ,220.60.23.50
670 ,175.204.98.165
671 ,126.234.42.26
672 ,79.139.39.61
673 ,168.43.177.50
674 ,100.180.77.6
675 ,68.210.135.16
676 ,22.236.50.109
677 ,61.148.182.223
678 ,155.86.5.96
679 ,245.142.160.166
680 ,205.45.119.71
681 ,49.145.32.18
682 ,161.97.130.187
683 ,239.63.228.255
684 ,109.149.204.71
685 ,254.118.238.249
686 ,200.231.96.182
687 ,107.236.184.186
688 ,188.44.156.62
689 ,211.235.118.8
690 ,169.108.167.141
691 ,118.117.64.25
692 ,45.164.119.229
693 ,79.129.128.40
694 ,118.95.224.40
695 ,116.75.64.155
696 ,12.147.122.29
697 ,160.146.219.100
698 ,89.71.146.147
699 ,22.123.29.223
700 ,156.242.23.167
701 ,196.6.28.157
702 ,96.150.212.112
703 ,72.184.15.216
704 ,138.189.3.69
705 ,67.137.59.3
706 ,170.89.82.198
707 ,247.115.46.61
708 ,98.99.94.126
709 ,250.154.26.223
710 ,32.144.223.112
711 ,229.52.44.126
712 ,226.35.254.79
713 ,219.164.101.185
714 ,67.61.16.245
715 ,241.126.188.211
716 ,155.206.62.83
717 ,234.231.193.0
718 ,233.81.125.48
719 ,11.80.234.17
720 ,183.13.158.170
721 ,190.60.216.4
722 ,161.131.213.81
723 ,169.15.245.109
724 ,63.9.110.111
725 ,87.142.131.131
726 ,22.82.190.253
727 ,165.160.27.200
728 ,88.122.39.215
729 ,223.206.226.68
730 ,132.233.62.6
731 ,37.18.242.252
732 ,248.109.186.179
733 ,16.68.7.154
734 ,204.76.192.72
735 ,135.229.96.183
736 ,145.40.107.181
737 ,121.94.122.223
738 ,26.40.173.228
739 ,40.41.32.150
740 ,66.214.96.225
741 ,175.220.13.138
742 ,112.194.167.59
743 ,91.62.157.8
744 ,29.239.110.108
745 ,21.161.230.166
746 ,134.85.253.28
747 ,243.63.178.193
748 ,211.196.7.77
749 ,87.56.6.239
750 ,177.165.96.106
751 ,173.252.192.150
752 ,122.164.254.205
753 ,91.153.181.25
754 ,59.229.74.53
755 ,20.11.80.232
756 ,19.70.226.121
757 ,158.223.17.51
758 ,198.90.112.151
759 ,211.101.147.23
760 ,39.232.74.101
761 ,247.207.41.134
762 ,195.211.150.40
763 ,109.5.254.178
764 ,151.232.246.114
765 ,104.141.93.36
766 ,11.86.33.232
767 ,70.205.92.74
768 ,195.66.203.29
769 ,117.165.37.224
770 ,90.107.21.217
771 ,139.211.39.72
772 ,8.200.133.178
773 ,111.79.49.216
774 ,80.117.128.111
775 ,94.59.68.194
776 ,189.46.33.102
777 ,214.109.88.106
778 ,232.127.175.6
779 ,231.20.37.178
780 ,255.68.233.224
781 ,130.14.101.52
782 ,245.0.171.16
783 ,211.4.251.72
784 ,34.116.208.8
785 ,217.163.104.81
786 ,70.177.33.122
787 ,6.58.209.50
788 ,117.67.250.107
789 ,89.188.238.85
790 ,121.150.92.170
791 ,53.94.54.42
792 ,98.95.186.93
793 ,192.57.9.46
794 ,54.99.71.40
795 ,4.64.159.228
796 ,118.174.234.137
797 ,230.117.17.41
798 ,200.214.218.176
799 ,147.94.141.123
800 ,154.85.153.131
801 ,195.197.71.149
802 ,177.79.149.209
803 ,97.121.226.39
804 ,179.30.240.198
805 ,228.8.60.108
806 ,82.219.206.11
807 ,223.22.248.211
808 ,68.142.85.146
809 ,46.90.249.107
810 ,29.25.156.239
811 ,240.76.155.134
812 ,38.189.255.151
813 ,101.63.193.103
814 ,247.163.109.104
815 ,81.3.43.135
816 ,240.62.230.173
817 ,233.87.30.144
818 ,206.38.139.174
819 ,101.223.6.133
820 ,249.73.244.165
821 ,119.203.251.214
822 ,49.177.215.126
823 ,162.246.11.201
824 ,176.53.192.70
825 ,81.51.248.3
826 ,11.61.49.236
827 ,97.187.190.119
828 ,61.187.246.174
829 ,237.191.251.99
830 ,250.189.246.85
831 ,8.141.20.63
832 ,130.117.164.224
833 ,248.44.12.229
834 ,184.155.87.133
835 ,254.143.111.124
836 ,161.92.147.206
837 ,132.231.65.182
838 ,155.7.83.125
839 ,131.4.49.57
840 ,111.51.142.238
841 ,78.251.193.69
842 ,26.107.216.119
843 ,58.219.152.220
844 ,63.244.48.62
845 ,204.174.185.147
846 ,157.213.152.221
847 ,40.138.52.243
848 ,63.187.71.21
849 ,45.30.128.116
850 ,194.219.217.160
851 ,104.56.187.15
852 ,34.213.83.16
853 ,29.74.78.175
854 ,157.165.177.68
855 ,70.115.151.141
856 ,198.238.110.58
857 ,29.89.203.59
858 ,82.237.145.18
859 ,196.87.29.23
860 ,76.4.7.181
861 ,171.172.216.71
862 ,227.246.242.8
863 ,127.29.222.110
864 ,236.214.84.224
865 ,29.230.123.28
866 ,207.8.206.124
867 ,30.26.237.153
868 ,139.108.36.180
869 ,164.231.244.99
870 ,144.132.239.126
871 ,157.55.1.82
872 ,63.246.20.100
873 ,145.229.108.102
874 ,94.149.157.225
875 ,104.215.53.79
876 ,217.7.225.222
877 ,229.190.210.168
878 ,188.90.255.1
879 ,232.230.79.98
880 ,85.130.142.2
881 ,93.247.37.193
882 ,124.238.158.233
883 ,237.67.29.152
884 ,146.187.200.6
885 ,200.68.55.111
886 ,242.122.67.81
887 ,20.156.170.93
888 ,32.43.3.141
889 ,222.35.25.184
890 ,122.171.122.10
891 ,55.36.161.39
892 ,110.150.224.70
893 ,68.105.20.59
894 ,145.206.163.118
895 ,136.100.28.187
896 ,169.146.189.96
897 ,134.111.107.79
898 ,107.149.4.136
899 ,170.135.174.142
900 ,173.205.36.217
901 ,97.90.130.204
902 ,178.233.36.252
903 ,25.113.117.149
904 ,178.237.220.50
905 ,159.241.180.104
906 ,50.112.100.62
907 ,152.209.126.106
908 ,158.212.10.104
909 ,6.234.2.1
910 ,64.35.105.176
911 ,102.233.12.64
912 ,154.134.93.120
913 ,58.127.193.140
914 ,139.138.144.86
915 ,91.23.41.213
916 ,194.28.126.37
917 ,244.189.74.219
918 ,24.70.92.93
919 ,223.143.182.102
920 ,255.84.160.113
921 ,52.220.252.40
922 ,56.149.209.230
923 ,125.43.122.226
924 ,47.241.110.212
925 ,11.235.178.178
926 ,110.247.74.149
927 ,86.82.196.102
928 ,179.189.173.22
929 ,35.219.245.140
930 ,110.84.23.252
931 ,86.22.196.55
932 ,145.38.47.82
933 ,123.57.91.120
934 ,52.141.215.189
935 ,102.242.16.82
936 ,236.255.179.125
937 ,134.207.114.25
938 ,19.17.68.242
939 ,143.2.240.53
940 ,28.24.227.0
941 ,224.122.252.230
942 ,224.158.122.57
943 ,133.194.17.10
944 ,18.44.184.238
945 ,158.254.134.18
946 ,87.48.1.183
947 ,18.84.107.183
948 ,159.214.89.181
949 ,6.229.159.22
950 ,119.255.141.221
951 ,252.176.161.27
952 ,172.48.230.78
953 ,12.156.174.184
954 ,226.234.65.192
955 ,81.239.9.127
956 ,35.122.3.32
957 ,249.134.247.22
958 ,207.15.12.43
959 ,36.121.130.37
960 ,2.144.211.211
961 ,31.160.178.114
962 ,58.208.46.79
963 ,48.164.88.43
964 ,134.100.187.24
965 ,2.233.173.104
966 ,45.99.113.83
967 ,73.214.40.204
968 ,217.75.29.123
969 ,159.126.184.31
970 ,113.189.116.111
971 ,113.58.33.63
972 ,118.112.58.237
973 ,37.87.240.68
974 ,70.222.150.43
975 ,29.238.118.252
976 ,187.146.133.193
977 ,172.132.82.21
978 ,203.170.241.185
979 ,167.234.147.129
980 ,74.68.36.76
981 ,217.190.52.104
982 ,65.63.33.165
983 ,112.38.87.209
984 ,178.2.171.6
985 ,103.64.249.74
986 ,29.14.187.144
987 ,152.8.49.196
988 ,98.143.191.207
989 ,54.242.105.152
990 ,147.231.133.143
991 ,15.229.67.85
992 ,203.165.146.175
993 ,212.207.92.33
994 ,69.62.92.180
995 ,214.233.110.142
996 ,190.195.148.90
997 ,37.66.78.154
998 ,63.176.115.72
999 ,238.8.51.233
1000,138.66.216.183