1,1234567890001
2,1234567890002
3,1234567890003
4,1234567890004
5,1234567890005
6,1234567890006
7,1234567890007
8,1234567800098
9,1234567890009
10,123456789010
11,123456789011
12,123456789012
13,123456789013
14,123456789014
15,123456789015
16,123456789016
17,123456789017
18,123456789018
19,123456789019
20,123456789020
21,123456789021
22,123456789022
23,123456789023
24,123456789024
25,123456789025
26,123456789026
27,123456789027
28,123456789028
29,123456789029
30,123456789030
31,123456789031
32,123456789032
33,123456789033
34,123456789034
35,123456789035
36,123456789036
37,123456789037
38,123456789038
39,123456789039
40,123456789040
41,123456789041
42,123456789042
43,123456789043
44,123456789044
45,12345678904u
46,123456789406
47,123456789047
48,123456789048
49,123456789049
50,123456789050
51,123456789051
52,123456789052
53,123456789053
54,123456789054
55,123456789055
56,123456789056
57,123456789057
58,123456789058
59,123456789059
60,123456789060
61,123456789061
62,123456789062
63,123456789063
64,123456789064
65,123456789065
66,123456789066
67,123456789067
68,123456789068
69,123456789069
70,123456789070
71,123456789071
72,123456789072
73,123456789073
74,123456789074
75,123456789075
76,123456789076
77,123456789077
78,123456789078
79,123456789079
80,123456789080
81,123456789081
82,123456789082
83,123456789083
84,123456789084
85,123456789085
86,123456789086
87,123456789087
88,123456789088
89,123456789089
90,123456789090
91,123456789091
92,123456789092
93,123456789093
94,123456789094
95,123456789095
96,123456789096
97,123456789097
98,123456789098
99,123456789099
100,12345678100
101,12345678101
102,12345678102
103,12345678103
104,12345678104
105,12345678105
106,12345678106
107,12345678107
108,12345678108
109,12345678109
110,12345678110
111,12345678111
112,12345678112
113,12345678113
114,12345678114
115,12345678115
116,12345678116
117,12345678117
118,12345678118
119,12345678119
120,12345678120
121,12345678121
122,12345678122
123,12345678123
124,12345678124
125,12345678125
126,12345678126
127,12345678127
128,12345678128
129,12345678129
130,12345678130
131,12345678131
132,12345678132
133,12345678133
134,12345678134
135,12345678135
136,12345678136
137,12345678137
138,12345678138
139,12345678139
140,12345678140
141,12345678141
142,12345678142
143,12345678143
144,12345678144
145,12345678145
146,12345678146
147,12345678147
148,12345678148
149,12345678149
150,12345678150
151,12345678151
152,12345678152
153,12345678153
154,12345678154
155,12345678155
156,12345678156
157,12345678157
158,12345678158
159,12345678159
160,12345678160
161,12345678161
162,12345678162
163,12345678163
164,12345678164
165,12345678165
166,12345678166
167,12345678167
168,12345678168
169,12345678169
170,12345678170
171,12345678171
172,12345678172
173,12345678173
174,12345678174
175,12345678175
176,12345678176
177,12345678177
178,12345678178
179,12345678179
180,12345678180
181,12345678181
182,12345678182
183,12345678183
184,12345678184
185,12345678185
186,12345678186
187,12345678187
188,12345678188
189,12345678189
190,12345678190
191,12345678191
192,12345678192
193,12345678193
194,12345678194
195,12345678195
196,12345678196
197,12345678197
198,12345678198
199,12345678199
200,12345678200
201,12345678201
202,12345678202
203,12345678203
204,12345678204
205,12345678205
206,12345678206
207,12345678207
208,12345678208
209,12345678209
210,12345678210
211,12345678211
212,12345678212
213,12345678213
214,12345678214
215,12345678215
216,12345678216
217,12345678217
218,12345678218
219,12345678219
220,12345678220
221,12345678221
222,12345678222
223,12345678223
224,12345678224
225,12345678225
226,12345678226
227,12345678227
228,12345678228
229,12345678229
230,12345678230
231,12345678231
232,12345678232
233,12345678233
234,12345678234
235,12345678235
236,12345678236
237,12345678237
238,12345678238
239,12345678239
240,12345678240
241,12345678241
242,12345678242
243,12345678243
244,12345678244
245,12345678245
246,12345678246
247,12345678247
248,12345678248
249,12345678249
250,12345678250
251,12345678251
252,12345678252
253,12345678253
254,12345678254
255,12345678255
256,12345678256
257,12345678257
258,12345678258
259,12345678259
260,12345678260
261,12345678261
262,12345678262
263,12345678263
264,12345678264
265,12345678265
266,12345678266
267,12345678267
268,12345678268
269,12345678269
270,12345678270
271,12345678271
272,12345678272
273,12345678273
274,12345678274
275,12345678275
276,12345678276
277,12345678277
278,12345678278
279,12345678279
280,12345678280
281,12345678281
282,12345678282
283,12345678283
284,12345678284
285,12345678285
286,12345678286
287,12345678287
288,12345678288
289,12345678289
290,12345678290
291,12345678291
292,12345678292
293,12345678293
294,12345678294
295,12345678295
296,12345678296
297,12345678297
298,12345678298
299,12345678299
300,12345678300
301,12345678301
302,12345678302
303,12345678303
304,12345678304
305,12345678305
306,12345678306
307,12345678307
308,12345678308
309,12345678309
310,12345678310
311,12345678311
312,12345678312
313,12345678313
314,12345678314
315,12345678315
316,12345678316
317,12345678317
318,12345678318
319,12345678319
320,12345678320
321,12345678321
322,12345678322
323,12345678323
324,12345678324
325,12345678325
326,12345678326
327,12345678327
328,12345678328
329,12345678329
330,12345678330
331,12345678331
332,12345678332
333,12345678333
334,12345678334
335,12345678335
336,12345678336
337,12345678337
338,12345678338
339,12345678339
340,12345678340
341,12345678341
342,12345678342
343,12345678343
344,12345678344
345,12345678345
346,12345678346
347,12345678347
348,12345678348
349,12345678349
350,12345678350
351,12345678351
352,12345678352
353,12345678353
354,12345678354
355,12345678355
356,12345678356
357,12345678357
358,12345678358
359,12345678359
360,12345678360
361,12345678361
362,12345678362
363,12345678363
364,12345678364
365,12345678365
366,12345678366
367,12345678367
368,12345678368
369,12345678369
370,12345678370
371,12345678371
372,12345678372
373,12345678373
374,12345678374
375,12345678375
376,12345678376
377,12345678377
378,12345678378
379,12345678379
380,12345678380
381,12345678381
382,12345678382
383,12345678383
384,12345678384
385,12345678385
386,12345678386
387,12345678387
388,12345678388
389,12345678389
390,12345678390
391,12345678391
392,12345678392
393,12345678393
394,12345678394
395,12345678395
396,12345678396
397,12345678397
398,12345678398
399,12345678399
400,12345678400
401,12345678401
402,12345678402
403,12345678403
404,12345678404
405,12345678405
406,12345678406
407,12345678407
408,12345678408
409,12345678409
410,12345678410
411,12345678411
412,12345678412
413,12345678413
414,12345678414
415,12345678415
416,12345678416
417,12345678417
418,12345678418
419,12345678419
420,12345678420
421,12345678421
422,12345678422
423,12345678423
424,12345678424
425,12345678425
426,12345678426
427,12345678427
428,12345678428
429,12345678429
430,12345678430
431,12345678431
432,12345678432
433,12345678433
434,12345678434
435,12345678435
436,12345678436
437,12345678437
438,12345678438
439,12345678439
440,12345678440
441,12345678441
442,12345678442
443,12345678443
444,12345678444
445,12345678445
446,12345678446
447,12345678447
448,12345678448
449,12345678449
450,12345678450
451,12345678451
452,12345678452
453,12345678453
454,12345678454
455,12345678455
456,12345678456
457,12345678457
458,12345678458
459,12345678459
460,12345678460
461,12345678461
462,12345678462
463,12345678463
464,12345678464
465,12345678465
466,12345678466
467,12345678467
468,12345678468
469,12345678469
470,12345678470
471,12345678471
472,12345678472
473,12345678473
474,12345678474
475,12345678475
476,12345678476
477,12345678477
478,12345678478
479,12345678479
480,12345678480
481,12345678481
482,12345678482
483,12345678483
484,12345678484
485,12345678485
486,12345678486
487,12345678487
488,12345678488
489,12345678489
490,12345678490
491,12345678491
492,12345678492
493,12345678493
494,12345678494
495,12345678495
496,12345678496
497,12345678497
498,12345678498
499,12345678499
500,12345678500
501,12345678501
502,12345678502
503,12345678503
504,12345678504
505,12345678505
506,12345678506
507,12345678507
508,12345678508
509,12345678509
510,12345678510
511,12345678511
512,12345678512